# Time (seconds), TC
4.307455062866211,NSS00001
20.28591799736023,NSS00002
